UnitID,Institution Name,NCAA/NAIA member for football (IC2019),NCAA/NAIA conference number football (IC2019),
222178,Abilene Christian University,1,132,
138558,Abraham Baldwin Agricultural College,2,-2,
108232,Academy of Art University,2,-2,
126182,Adams State University,1,159,
188429,Adelphi University,2,-2,
188438,Adirondack Community College,2,-2,
168528,Adrian College,1,180,
133872,AdventHealth University,2,-2,
138600,Agnes Scott College,2,-2,
134811,AI Miami International University of Art and Design,2,-2,
200697,Air Force Institute of Technology-Graduate School of Engineering & Management,2,-2,
100654,Alabama A & M University,1,133,
100724,Alabama State University,1,133,
188526,Albany College of Pharmacy and Health Sciences,2,-2,
188580,Albany Medical College,2,-2,
138716,Albany State University,1,161,
385415,Albert Einstein College of Medicine,2,-2,
128498,Albertus Magnus College,2,-2,
168546,Albion College,1,180,
210571,Albright College,1,181,
175342,Alcorn State University,1,133,
237118,Alderson Broaddus University,1,371,
172918,Alexandria Technical & Community College,2,-2,
188641,Alfred University,1,172,
156189,Alice Lloyd College,2,-2,
210669,Allegheny College,1,189,
154642,Allen County Community College,2,-2,
168591,Alma College,1,180,
168607,Alpena Community College,2,-2,
210775,Alvernia University,1,181,
238193,Alverno College,2,-2,
447883,American Institute of Beauty,-2,-2,
164447,American International College,1,153,
240736,American Samoa Community College,2,-2,
131159,American University,2,-2,
164465,Amherst College,1,185,
217633,Anderson University,2,-2,
150066,Anderson University,1,175,
168740,Andrews University,2,-2,
222831,Angelo State University,1,147,
164492,Anna Maria College,1,366,
172954,Anoka Technical College,2,-2,
172963,Anoka-Ramsey Community College,2,-2,
109350,Antelope Valley College,2,-2,
245865,Antioch University-New England,2,-2,
197869,Appalachian State University,1,134,
168786,Aquinas College,2,-2,
126289,Arapahoe Community College,2,-2,
211088,Arcadia University,2,-2,
104151,Arizona State University-Tempe,1,127,
104160,Arizona Western College,2,-2,
107327,Arkansas Northeastern College,2,-2,
106458,Arkansas State University-Main Campus,1,134,
440402,Arkansas State University-Newport,2,-2,
106467,Arkansas Tech University,1,367,
404994,ASA College,2,-2,
156222,Asbury Theological Seminary,2,-2,
156213,Asbury University,2,-2,
156231,Ashland Community and Technical College,2,-2,
201104,Ashland University,1,144,
164562,Assumption College,1,153,
100812,Athens State University,2,-2,
138901,Atlanta Metropolitan State College,2,-2,
132374,Atlantic Technical College,2,-2,
485768,Atlantis University,2,-2,
100858,Auburn University,1,130,
100830,Auburn University at Montgomery,2,-2,
173045,Augsburg University,1,183,
482149,Augusta University,2,-2,
143084,Augustana College,1,167,
219000,Augustana University,1,155,
143118,Aurora University,1,359,
222983,Austin College,1,368,
222992,Austin Community College District,2,-2,
219602,Austin Peay State University,1,126,
446048,Ave Maria University,1,333,
451149,Aveda Institute-South Florida,-2,-2,
451158,Aveda Institute-Tallahassee,-2,-2,
231420,Averett University,1,171,
457411,Aviation Institute of Maintenance-Orlando,2,-2,
109785,Azusa Pacific University,1,174,
164580,Babson College,2,-2,
154688,Baker University,1,320,
109819,Bakersfield College,2,-2,
201195,Baldwin Wallace University,1,191,
150136,Ball State University,1,119,
189015,Bank Street College of Education,2,-2,
189088,Bard College,2,-2,
189097,Barnard College,2,-2,
132471,Barry University,2,-2,
197911,Barton College,2,-2,
160977,Bates College,1,185,
437103,Baton Rouge Community College,2,-2,
168883,Bay de Noc Community College,2,-2,
380359,Bay Mills Community College,2,-2,
164632,Bay Path University,2,-2,
223232,Baylor University,1,108,
164720,Becker College,1,168,
247065,Beckfield College-Florence,2,-2,
175421,Belhaven University,1,204,
156286,Bellarmine University,2,-2,
234669,Bellevue College,2,-2,
234696,Bellingham Technical College,2,-2,
197984,Belmont Abbey College,2,-2,
219709,Belmont University,2,-2,
238333,Beloit College,1,182,
173124,Bemidji State University,1,155,
137591,Bene's Career Academy,-2,-2,
217721,Benedict College,1,161,
154712,Benedictine College,1,320,
145619,Benedictine University,1,359,
230816,Bennington College,2,-2,
164739,Bentley University,1,153,
156295,Berea College,2,-2,
189228,Berkeley College-New York,2,-2,
183789,Berkeley College-Woodland Park,2,-2,
139144,Berry College,1,368,
237181,Bethany College,1,194,
154721,Bethany College,1,309,
173142,Bethany Lutheran College,2,-2,
154749,Bethel College-North Newton,1,309,
219718,Bethel University,1,315,
173160,Bethel University,1,183,
132602,Bethune-Cookman University,1,121,
102429,Bevill State Community College,2,-2,
137856,Big Bend Technical College,-2,-2,
157553,Big Sandy Community and Technical College,2,-2,
196079,Binghamton University,2,-2,
110097,Biola University,2,-2,
100937,Birmingham-Southern College,1,368,
200022,Bismarck State College,2,-2,
219046,Black Hills State University,1,159,
106625,Black River Technical College,2,-2,
143288,Blackburn College,2,-2,
223427,Blinn College,2,-2,
183822,Bloomfield College,2,-2,
211158,Bloomsburg University of Pennsylvania,1,158,
231554,Bluefield College,1,315,
237215,Bluefield State College,2,-2,
156392,Bluegrass Community and Technical College,2,-2,
201371,Bluffton University,1,175,
217749,Bob Jones University,2,-2,
142115,Boise State University,1,203,
189413,Boricua College,2,-2,
158431,Bossier Parish Community College,2,-2,
164924,Boston College,1,102,
164988,Boston University,2,-2,
161004,Bowdoin College,1,185,
162007,Bowie State University,1,140,
201432,Bowling Green State University-Firelands,2,-2,
201441,Bowling Green State University-Main Campus,1,119,
143358,Bradley University,2,-2,
165015,Brandeis University,2,-2,
223506,Brazosport College,2,-2,
139199,Brenau University,2,-2,
156356,Brescia University,2,-2,
198066,Brevard College,1,171,
231581,Bridgewater College,1,192,
165024,Bridgewater State University,1,184,
230047,Brigham Young University-Hawaii,2,-2,
142522,Brigham Young University-Idaho,2,-2,
230038,Brigham Young University-Provo,1,342,
132709,Broward College,2,-2,
217156,Brown University,1,117,
188517,Bryant & Stratton College-Albany,2,-2,
189583,Bryant & Stratton College-Buffalo,2,-2,
189592,Bryant & Stratton College-Greece,2,-2,
189565,Bryant & Stratton College-Syracuse North,2,-2,
217165,Bryant University,1,125,
210492,Bryn Athyn College of the New Church,2,-2,
211273,Bryn Mawr College,2,-2,
211291,Bucknell University,1,128,
153001,Buena Vista University,1,176,
154800,Butler Community College,2,-2,
150163,Butler University,1,129,
211352,Cabrini University,2,-2,
215114,Cairn University-Langhorne,2,-2,
183910,Caldwell University,2,-2,
110361,California Baptist University,2,-2,
110404,California Institute of Technology,2,-2,
110413,California Lutheran University,1,197,
110422,California Polytechnic State University-San Luis Obispo,1,105,
110529,California State Polytechnic University-Pomona,2,-2,
111188,California State University Maritime Academy,2,-2,
110486,California State University-Bakersfield,2,-2,
441937,California State University-Channel Islands,2,-2,
110538,California State University-Chico,2,-2,
110547,California State University-Dominguez Hills,2,-2,
110574,California State University-East Bay,2,-2,
110556,California State University-Fresno,1,203,
110565,California State University-Fullerton,2,-2,
110583,California State University-Long Beach,2,-2,
110592,California State University-Los Angeles,2,-2,
409698,California State University-Monterey Bay,2,-2,
110608,California State University-Northridge,2,-2,
110617,California State University-Sacramento,1,105,
110510,California State University-San Bernardino,2,-2,
366711,California State University-San Marcos,2,-2,
110495,California State University-Stanislaus,2,-2,
211361,California University of Pennsylvania,1,158,
169080,Calvin University,2,-2,
206914,Cameron University,2,-2,
198136,Campbell University,1,106,
156365,Campbellsville University,1,315,
189705,Canisius College,2,-2,
201548,Capital University,1,191,
173258,Carleton College,1,182,
211440,Carnegie Mellon University,1,200,
433174,Carolinas College of Health Sciences,2,-2,
180106,Carroll College,1,352,
238458,Carroll University,1,167,
219806,Carson-Newman University,1,160,
238476,Carthage College,1,167,
439190,Cascadia College,2,-2,
201645,Case Western Reserve University,1,194,
240505,Casper College,2,-2,
230834,Castleton University,1,366,
198215,Catawba College,1,160,
189839,Cayuga County Community College,2,-2,
189848,Cazenovia College,2,-2,
211468,Cedar Crest College,2,-2,
201654,Cedarville University,2,-2,
158477,Centenary College of Louisiana,2,-2,
183974,Centenary University,2,-2,
100760,Central Alabama Community College,2,-2,
106713,Central Baptist College,2,-2,
154855,Central Christian College of Kansas,2,-2,
153108,Central College,1,176,
128771,Central Connecticut State University,1,125,
173203,Central Lakes College-Brainerd,2,-2,
158088,Central Louisiana Technical Community College,2,-2,
176947,Central Methodist University-College of Liberal Arts and Sciences,1,320,
169248,Central Michigan University,1,119,
201690,Central State University,1,161,
234827,Central Washington University,1,213,
234845,Centralia College,2,-2,
156408,Centre College,1,368,
175315,Century College,2,-2,
180948,Chadron State College,1,159,
141486,Chaminade University of Honolulu,2,-2,
230852,Champlain College,2,-2,
111948,Chapman University,1,197,
217688,Charleston Southern University,1,106,
132976,Charlotte Technical College,2,-2,
211556,Chatham University,2,-2,
219824,Chattanooga State Community College,2,-2,
211583,Chestnut Hill College,2,-2,
211608,Cheyney University of Pennsylvania,2,-2,
144005,Chicago State University,2,-2,
133021,Chipola College,2,-2,
198303,Chowan University,1,140,
219833,Christian Brothers University,2,-2,
231712,Christopher Newport University,1,187,
217864,Citadel Military College of South Carolina,1,131,
406547,City College-Gainesville,2,-2,
217873,Claflin University,2,-2,
112260,Claremont McKenna College,1,197,
211644,Clarion University of Pennsylvania,1,158,
138947,Clark Atlanta University,1,161,
234933,Clark College,2,-2,
201973,Clark State Community College,2,-2,
165334,Clark University,2,-2,
153126,Clarke University,1,320,
211024,Clarks Summit University,2,-2,
190044,Clarkson University,2,-2,
139311,Clayton  State University,2,-2,
156417,Clear Creek Baptist Bible College,2,-2,
169327,Cleary University,2,-2,
217882,Clemson University,1,102,
219879,Cleveland State Community College,2,-2,
202134,Cleveland State University,2,-2,
190053,Clinton Community College,2,-2,
234951,Clover Park Technical College,2,-2,
218724,Coastal Carolina University,1,134,
153144,Coe College,1,176,
217907,Coker University,2,-2,
161086,Colby College,1,185,
182634,Colby-Sawyer College,2,-2,
241720,Colegio Universitario de San Juan,2,-2,
190099,Colgate University,1,128,
132851,College of Central Florida,2,-2,
217819,College of Charleston,2,-2,
139250,College of Coastal Georgia,2,-2,
193399,College of Mount Saint Vincent,2,-2,
167394,College of Our Lady of the Elms,2,-2,
174747,College of Saint Benedict,2,-2,
186618,College of Saint Elizabeth,2,-2,
142559,College of Southern Idaho,2,-2,
182005,College of Southern Nevada,2,-2,
190558,College of Staten Island CUNY,2,-2,
166124,College of the Holy Cross,1,128,
376695,College of the Marshall Islands,2,-2,
178697,College of the Ozarks,2,-2,
247834,Collin County Community College District,2,-2,
126669,Colorado Christian University,2,-2,
126678,Colorado College,2,-2,
127556,Colorado Mesa University,1,159,
126711,Colorado Mountain College,2,-2,
126775,Colorado School of Mines,1,159,
126818,Colorado State University-Fort Collins,1,203,
128106,Colorado State University-Pueblo,1,159,
234979,Columbia Basin College,2,-2,
144281,Columbia College Chicago,2,-2,
219888,Columbia State Community College,2,-2,
190150,Columbia University in the City of New York,1,117,
190169,Columbia-Greene Community College,2,-2,
202170,Columbus College of Art and Design,2,-2,
139366,Columbus State University,2,-2,
210605,Community College of Allegheny County,2,-2,
126863,Community College of Aurora,2,-2,
126942,Community College of Denver,2,-2,
230861,Community College of Vermont,2,-2,
237330,Concord University,1,370,
133854,Concorde Career Institute-Miramar,2,-2,
173300,Concordia College at Moorhead,1,183,
190248,Concordia College-New York,2,-2,
224004,Concordia University Texas,2,-2,
169363,Concordia University-Ann Arbor,1,356,
144351,Concordia University-Chicago,1,359,
112075,Concordia University-Irvine,2,-2,
180984,Concordia University-Nebraska,1,311,
173328,Concordia University-Saint Paul,1,155,
238616,Concordia University-Wisconsin,1,359,
128902,Connecticut College,2,-2,
241766,Conservatory of Music of Puerto Rico,2,-2,
217961,Converse College,2,-2,
162283,Coppin State University,1,342,
153162,Cornell College,1,182,
190415,Cornell University,1,117,
170037,Cornerstone University,2,-2,
438285,Cortiva Institute-Maitland,-2,-2,
106795,Cossatot Community College of the University of Arkansas,2,-2,
139393,Covenant College,2,-2,
181002,Creighton University,2,-2,
177135,Crowder College,2,-2,
174862,Crown College,1,354,
190503,Culinary Institute of America,2,-2,
219949,Cumberland University,1,315,
190512,CUNY Bernard M Baruch College,2,-2,
190521,CUNY Borough of Manhattan Community College,2,-2,
190530,CUNY Bronx Community College,2,-2,
190549,CUNY Brooklyn College,2,-2,
190567,CUNY City College,2,-2,
190576,CUNY Graduate School and University Center,2,-2,
190585,CUNY Hostos Community College,2,-2,
190594,CUNY Hunter College,2,-2,
190600,CUNY John Jay College of Criminal Justice,2,-2,
190619,CUNY Kingsborough Community College,2,-2,
190628,CUNY LaGuardia Community College,2,-2,
190637,CUNY Lehman College,2,-2,
190646,CUNY Medgar Evers College,2,-2,
190655,CUNY New York City College of Technology,2,-2,
190664,CUNY Queens College,2,-2,
190673,CUNY Queensborough Community College,2,-2,
190682,CUNY School of Law,2,-2,
475565,CUNY Stella and Charles Guttman Community College,2,-2,
190691,CUNY York College,2,-2,
165529,Curry College,1,168,
202356,Cuyahoga Community College District,2,-2,
113236,Cypress College,2,-2,
190716,D'Youville College,2,-2,
190725,Daemen College,2,-2,
200314,Dakota College at Bottineau,2,-2,
173416,Dakota County Technical College,2,-2,
219082,Dakota State University,1,373,
224226,Dallas Baptist University,2,-2,
139463,Dalton State College,2,-2,
231882,Danville Community College,2,-2,
182670,Dartmouth College,1,117,
169479,Davenport University,1,144,
198385,Davidson College,1,129,
237358,Davis & Elkins College,2,-2,
194569,Davis College,2,-2,
180151,Dawson Community College,2,-2,
133386,Daytona State College,2,-2,
165574,Dean College,1,366,
202514,Defiance College,1,175,
130934,Delaware State University,1,121,
130907,Delaware Technical Community College-Terry,2,-2,
211981,Delaware Valley University,1,181,
158662,Delgado Community College,2,-2,
175616,Delta State University,1,146,
202523,Denison University,1,189,
144740,DePaul University,2,-2,
150400,DePauw University,1,189,
210739,DeSales University,2,-2,
482413,DeVry College of New York,2,-2,
212009,Dickinson College,1,165,
200059,Dickinson State University,1,373,
158802,Dillard University,2,-2,
105297,Dine College,2,-2,
230171,Dixie State University,1,159,
181020,Doane University,1,311,
154998,Dodge City Community College,2,-2,
190761,Dominican College of Blauvelt,2,-2,
148496,Dominican University,2,-2,
113698,Dominican University of California,2,-2,
153250,Dordt University,1,311,
153269,Drake University,1,129,
184348,Drew University,2,-2,
212054,Drexel University,2,-2,
177214,Drury University,2,-2,
198419,Duke University,1,102,
212106,Duquesne University,1,125,
198455,Durham Technical Community College,2,-2,
190840,Dutchess Community College,2,-2,
220057,Dyersburg State Community College,2,-2,
150455,Earlham College,1,175,
198464,East Carolina University,1,372,
207041,East Central University,1,367,
139621,East Georgia State College,2,-2,
212115,East Stroudsburg University of Pennsylvania,1,158,
220075,East Tennessee State University,1,131,
224527,East Texas Baptist University,1,204,
129215,Eastern Connecticut State University,2,-2,
132693,Eastern Florida State College,2,-2,
144892,Eastern Illinois University,1,126,
153311,Eastern Iowa Community College District,2,-2,
156620,Eastern Kentucky University,1,126,
232043,Eastern Mennonite University,2,-2,
169798,Eastern Michigan University,1,119,
165644,Eastern Nazarene College,2,-2,
187648,Eastern New Mexico University-Main Campus,1,147,
208646,Eastern Oregon University,1,352,
212133,Eastern University,2,-2,
231970,Eastern Virginia Medical School,2,-2,
235097,Eastern Washington University,1,105,
240596,Eastern Wyoming College,2,-2,
133492,Eckerd College,2,-2,
238661,Edgewood College,2,-2,
212160,Edinboro University of Pennsylvania,1,158,
235103,Edmonds Community College,2,-2,
133526,Edward Waters College,1,335,
113980,El Camino Community College District,2,-2,
488305,Elim Bible Institute and College,2,-2,
198507,Elizabeth City State University,1,140,
212197,Elizabethtown College,2,-2,
156648,Elizabethtown Community and Technical College,2,-2,
153296,Ellsworth Community College,2,-2,
144962,Elmhurst College,1,167,
190974,Elmira Business Institute,2,-2,
190983,Elmira College,2,-2,
198516,Elon University,1,110,
490346,Elyon College,2,-2,
133553,Embry-Riddle Aeronautical University-Daytona Beach,2,-2,
104586,Embry-Riddle Aeronautical University-Prescott,2,-2,
165662,Emerson College,2,-2,
165671,Emmanuel College,2,-2,
139630,Emmanuel College,2,-2,
232025,Emory & Henry College,1,192,
139658,Emory University,2,-2,
155025,Emporia State University,1,148,
165699,Endicott College,1,168,
101143,Enterprise State Community College,2,-2,
191083,Erie Community College,2,-2,
217998,Erskine College,1,139,
369419,Erwin Technical College,2,-2,
241951,Escuela de Artes Plasticas y Diseno de Puerto Rico,2,-2,
144971,Eureka College,1,359,
177339,Evangel University,1,320,
235149,Everett Community College,2,-2,
385619,Everglades University,2,-2,
196680,Excelsior College,2,-2,
129242,Fairfield University,2,-2,
184694,Fairleigh Dickinson University-Florham Campus,1,181,
184603,Fairleigh Dickinson University-Metropolitan Campus,2,-2,
237367,Fairmont State University,1,370,
196042,Farmingdale State College,2,-2,
191126,Fashion Institute of Technology,2,-2,
198543,Fayetteville State University,1,140,
114433,Feather River Community College District,2,-2,
184612,Felician University,2,-2,
169910,Ferris State University,1,144,
232089,Ferrum College,1,192,
191199,Finger Lakes Community College,2,-2,
475422,Finger Lakes Health College of Nursing & Health Sciences,2,-2,
172440,Finlandia University,1,180,
137023,First Coast Technical College,-2,-2,
165820,Fitchburg State University,1,179,
191205,Five Towns College,2,-2,
133711,Flagler College-St Augustine,2,-2,
461245,Flagler Technical Institute,2,-2,
180197,Flathead Valley Community College,2,-2,
160481,Fletcher Technical Community College,2,-2,
155052,Flint Hills Technical College,2,-2,
133650,Florida Agricultural and Mechanical University,1,121,
133669,Florida Atlantic University,1,111,
487427,Florida Career College-Tampa,2,-2,
133809,Florida College,2,-2,
135160,Florida Gateway College,2,-2,
433660,Florida Gulf Coast University,2,-2,
476814,Florida Institute of Recording Sound and Technology,-2,-2,
133881,Florida Institute of Technology,1,146,
133951,Florida International University,1,111,
133979,Florida Memorial University,2,-2,
408844,Florida National University-Main Campus,2,-2,
482936,Florida Polytechnic University,2,-2,
134079,Florida Southern College,2,-2,
133508,Florida SouthWestern State College,2,-2,
133702,Florida State College at Jacksonville,2,-2,
134097,Florida State University,1,102,
134112,Florida Technical College,2,-2,
380368,Fond du Lac Tribal and Community College,2,-2,
177418,Fontbonne University,2,-2,
114716,Foothill College,2,-2,
191241,Fordham University,1,128,
155061,Fort Hays State University,1,148,
127185,Fort Lewis College,1,159,
135267,Fort Myers Technical College,2,-2,
139719,Fort Valley State University,1,161,
445744,Fortis Institute-Port Saint Lucie,2,-2,
165866,Framingham State University,1,179,
218061,Francis Marion University,2,-2,
160074,Franciscan Missionaries of Our Lady University,2,-2,
205957,Franciscan University of Steubenville,2,-2,
212577,Franklin and Marshall College,1,165,
150604,Franklin College,1,175,
182795,Franklin Pierce University,1,153,
441982,Franklin W Olin College of Engineering,2,-2,
459329,Fred K Marchman Technical College,2,-2,
114813,Fresno Pacific University,2,-2,
127200,Front Range Community College,2,-2,
156727,Frontier Nursing University,2,-2,
162584,Frostburg State University,1,370,
134237,Full Sail University,2,-2,
191302,Fulton-Montgomery Community College,2,-2,
218070,Furman University,1,131,
101240,Gadsden State Community College,2,-2,
490090,Gadsden Technical Institute,2,-2,
491181,Galen College of Nursing-ARH,2,-2,
156471,Galen College of Nursing-Louisville,2,-2,
131450,Gallaudet University,1,366,
224961,Galveston College,2,-2,
212601,Gannon University,1,158,
198561,Gardner-Webb University,1,106,
157438,Gateway Community and Technical College,2,-2,
191339,Genesee Community College,2,-2,
212656,Geneva College,1,194,
208822,George Fox University,1,205,
232186,George Mason University,2,-2,
134291,George Stone Technical College,2,-2,
131469,George Washington University,2,-2,
156745,Georgetown College,1,315,
131496,Georgetown University,1,128,
139861,Georgia College & State University,2,-2,
447689,Georgia Gwinnett College,2,-2,
139700,Georgia Highlands College,2,-2,
139755,Georgia Institute of Technology-Main Campus,1,102,
485111,Georgia Military College,2,-2,
139931,Georgia Southern University,1,134,
139764,Georgia Southwestern State University,2,-2,
139940,Georgia State University,1,134,
184773,Georgian Court University,2,-2,
212674,Gettysburg College,1,165,
494551,Glasgow Caledonian New York College,2,-2,
169974,Glen Oaks Community College,2,-2,
237385,Glenville State College,1,370,
230889,Goddard College,2,-2,
130989,Goldey-Beacom College,2,-2,
235316,Gonzaga University,2,-2,
165936,Gordon College,2,-2,
139968,Gordon State College,2,-2,
150668,Goshen College,2,-2,
162654,Goucher College,2,-2,
145336,Governors State University,2,-2,
150677,Grace College and Theological Seminary,2,-2,
153366,Graceland University-Lamoni,1,320,
159009,Grambling State University,1,133,
104717,Grand Canyon University,2,-2,
170055,Grand Rapids Community College,2,-2,
170082,Grand Valley State University,1,144,
153375,Grand View University,1,320,
183257,Granite State College,2,-2,
235334,Grays Harbor College,2,-2,
225070,Grayson College,2,-2,
182306,Great Basin College,2,-2,
183150,Great Bay Community College,2,-2,
180249,Great Falls College Montana State University,2,-2,
170091,Great Lakes Christian College,2,-2,
235343,Green River College,2,-2,
198598,Greensboro College,1,171,
218113,Greenville Technical College,2,-2,
145372,Greenville University,1,354,
153384,Grinnell College,1,182,
212805,Grove City College,1,194,
198613,Guilford College,1,192,
134343,Gulf Coast State College,2,-2,
173647,Gustavus Adolphus College,1,183,
490559,Gwinnett Institute,2,-2,
212832,Gwynedd Mercy University,2,-2,
191515,Hamilton College,1,185,
173665,Hamline University,1,183,
232256,Hampden-Sydney College,1,192,
166018,Hampshire College,2,-2,
232265,Hampton University,1,106,
150756,Hanover College,1,175,
225247,Hardin-Simmons University,1,204,
107044,Harding University,1,367,
177551,Harris-Stowe State University,2,-2,
191533,Hartwick College,1,172,
166027,Harvard University,1,117,
115409,Harvey Mudd College,1,197,
155140,Haskell Indian Nations University,2,-2,
181127,Hastings College,1,311,
212911,Haverford College,2,-2,
141644,Hawaii Pacific University,2,-2,
153445,Hawkeye Community College,2,-2,
156790,Hazard Community and Technical College,2,-2,
490054,HCI College,2,-2,
166045,Hebrew College,2,-2,
203067,Hebrew Union College-Jewish Institute of Religion,2,-2,
203085,Heidelberg University,1,191,
180276,Helena College University of Montana,2,-2,
191597,Helene Fuld College of Nursing,2,-2,
156851,Henderson Community College,2,-2,
107071,Henderson State University,1,367,
107080,Hendrix College,1,368,
173708,Hennepin Technical College,2,-2,
170240,Henry Ford College,2,-2,
191612,Herkimer County Community College,2,-2,
155177,Hesston College,2,-2,
173735,Hibbing Community College,2,-2,
198695,High Point University,2,-2,
235431,Highline College,2,-2,
191621,Hilbert College,2,-2,
225371,Hill College,2,-2,
134495,Hillsborough Community College,2,-2,
170286,Hillsdale College,1,371,
203128,Hiram College,1,189,
191630,Hobart William Smith Colleges,1,201,
191649,Hofstra University,2,-2,
232308,Hollins University,2,-2,
212984,Holy Family University,2,-2,
115728,Holy Names University,2,-2,
162760,Hood College,2,-2,
170301,Hope College,1,180,
156860,Hopkinsville Community College,2,-2,
191676,Houghton College,2,-2,
225399,Houston Baptist University,1,132,
225548,Howard Payne University,1,204,
131520,Howard University,1,121,
191719,Hudson Valley Community College,2,-2,
115755,Humboldt State University,1,213,
101435,Huntingdon College,1,171,
487524,Husson University,1,366,
155195,Hutchinson Community College,2,-2,
193405,Icahn School of Medicine at Mount Sinai,2,-2,
142276,Idaho State University,1,105,
434584,Ilisagvik College,2,-2,
145691,Illinois College,1,182,
145725,Illinois Institute of Technology,2,-2,
145813,Illinois State University,1,123,
145646,Illinois Wesleyan University,1,167,
213011,Immaculata University,2,-2,
457387,Immokalee Technical College,2,-2,
134608,Indian River State College,2,-2,
151324,Indiana State University,1,123,
213020,Indiana University of Pennsylvania-Main Campus,1,158,
151351,Indiana University-Bloomington,1,107,
151388,Indiana University-East,2,-2,
151333,Indiana University-Kokomo,2,-2,
151360,Indiana University-Northwest,2,-2,
151111,Indiana University-Purdue University-Indianapolis,2,-2,
151342,Indiana University-South Bend,2,-2,
151379,Indiana University-Southeast,2,-2,
187745,Institute of American Indian and Alaska Native Culture and Arts Development,2,-2,
173799,Inver Hills Community College,2,-2,
191931,Iona College,2,-2,
153603,Iowa State University,1,108,
153621,Iowa Wesleyan University,1,354,
173805,Itasca Community College,2,-2,
191968,Ithaca College,1,201,
150987,Ivy Tech Community College,2,-2,
170444,Jackson College,2,-2,
220400,Jackson State Community College,2,-2,
175856,Jackson State University,1,133,
101480,Jacksonville State University,1,126,
134945,Jacksonville University,1,129,
232423,James Madison University,1,110,
192004,Jamestown Business College,2,-2,
191986,Jamestown Community College,2,-2,
156921,Jefferson Community and Technical College,2,-2,
192022,Jefferson Community College,2,-2,
107141,John Brown University,2,-2,
101514,John C Calhoun State Community College,2,-2,
203368,John Carroll University,1,191,
162928,Johns Hopkins University,1,165,
445708,Johnson & Wales University-Charlotte,2,-2,
439288,Johnson & Wales University-Denver,2,-2,
414823,Johnson & Wales University-North Miami,2,-2,
217235,Johnson & Wales University-Providence,2,-2,
198756,Johnson C Smith University,1,140,
155210,Johnson County Community College,2,-2,
213251,Juniata College,1,165,
170532,Kalamazoo College,1,180,
177746,Kansas City Art Institute,2,-2,
155399,Kansas State University,1,108,
155414,Kansas Wesleyan University,1,309,
141796,Kapiolani Community College,2,-2,
146366,Kaskaskia College,2,-2,
185262,Kean University,1,187,
183062,Keene State College,2,-2,
486840,Kennesaw State University,1,106,
203447,Kent State University at Ashtabula,2,-2,
203456,Kent State University at East Liverpool,2,-2,
203526,Kent State University at Geauga,2,-2,
203517,Kent State University at Kent,1,119,
203492,Kent State University at Salem,2,-2,
203465,Kent State University at Stark,2,-2,
203474,Kent State University at Trumbull,2,-2,
203483,Kent State University at Tuscarawas,2,-2,
157100,Kentucky Christian University,1,316,
157058,Kentucky State University,1,161,
157076,Kentucky Wesleyan College,1,371,
203535,Kenyon College,1,189,
169983,Kettering University,2,-2,
192192,Keuka College,2,-2,
213303,Keystone College,2,-2,
220516,King University,2,-2,
213321,King's College,1,170,
146427,Knox College,1,182,
213349,Kutztown University of Pennsylvania,1,158,
171881,Kuyper College,2,-2,
213358,La Roche University,2,-2,
213367,La Salle University,2,-2,
155450,Labette Community College,2,-2,
213385,Lafayette College,1,128,
140234,LaGrange College,1,171,
203580,Lake Erie College,1,371,
146481,Lake Forest College,1,182,
146506,Lake Land College,2,-2,
170620,Lake Michigan College,2,-2,
200192,Lake Region State College,2,-2,
173461,Lake Superior College,2,-2,
170639,Lake Superior State University,2,-2,
135179,Lake Technical College,-2,-2,
235699,Lake Washington Institute of Technology,2,-2,
135188,Lake-Sumter State College,2,-2,
238980,Lakeland University,1,359,
183123,Lakes Region Community College,2,-2,
127389,Lamar Community College,2,-2,
226091,Lamar University,1,132,
213400,Lancaster Bible College,2,-2,
218229,Lander University,2,-2,
247649,Landmark College,2,-2,
220598,Lane College,1,161,
209038,Lane Community College,2,-2,
207209,Langston University,1,340,
226134,Laredo College,2,-2,
166391,Lasell University,2,-2,
170675,Lawrence Technological University,1,356,
239017,Lawrence University,1,182,
192323,Le Moyne College,2,-2,
220604,Le Moyne-Owen College,2,-2,
213507,Lebanon Valley College,1,181,
220613,Lee University,2,-2,
198808,Lees-McRae College,2,-2,
141811,Leeward Community College,2,-2,
213543,Lehigh University,1,128,
198835,Lenoir-Rhyne University,1,160,
166452,Lesley University,2,-2,
226231,LeTourneau University,2,-2,
209056,Lewis & Clark College,1,205,
146612,Lewis University,2,-2,
142328,Lewis-Clark State College,2,-2,
450632,Lexington Healing Arts Academy,-2,-2,
157207,Lexington Theological Seminary,2,-2,
232557,Liberty University,1,114,
218238,Limestone College,1,160,
220631,Lincoln Memorial University,2,-2,
177940,Lincoln University,1,148,
213598,Lincoln University,1,140,
177968,Lindenwood University,1,145,
135294,Lindsey Hopkins Technical College,2,-2,
157216,Lindsey Wilson College,1,315,
209065,Linfield College-McMinnville Campus,1,205,
437316,Linfield College-School of Nursing,2,-2,
219976,Lipscomb University,2,-2,
180328,Little Big Horn College,2,-2,
135276,Lively Technical College,-2,-2,
198862,Livingstone College,1,140,
213613,Lock Haven University,1,158,
192509,Long Island Business Institute,2,-2,
192448,Long Island University,1,125,
232566,Longwood University,2,-2,
203748,Lorain County Community College,2,-2,
135337,Loraines Academy & Spa,-2,-2,
153825,Loras College,1,176,
133155,Lorenzo Walker Technical College,2,-2,
159568,Louisiana College,1,204,
483212,Louisiana Delta Community College,2,-2,
159391,Louisiana State University and Agricultural & Mechanical College,1,130,
159373,Louisiana State University Health Sciences Center-New Orleans,2,-2,
435000,Louisiana State University Health Sciences Center-Shreveport,2,-2,
159382,Louisiana State University-Alexandria,2,-2,
159407,Louisiana State University-Eunice,2,-2,
159416,Louisiana State University-Shreveport,2,-2,
159647,Louisiana Tech University,1,111,
203757,Lourdes University,2,-2,
235750,Lower Columbia College,2,-2,
117946,Loyola Marymount University,2,-2,
146719,Loyola University Chicago,2,-2,
163046,Loyola University Maryland,2,-2,
159656,Loyola University New Orleans,2,-2,
226383,Lubbock Christian University,2,-2,
101602,Lurleen B Wallace Community College,2,-2,
153834,Luther College,1,176,
213668,Lycoming College,1,181,
132657,Lynn University,2,-2,
106342,Lyon College,1,340,
173902,Macalester College,1,182,
238263,Madison Area Technical College,2,-2,
157304,Madisonville Community College,2,-2,
170806,Madonna University,2,-2,
182917,Magdalen College,2,-2,
161299,Maine Maritime Academy,1,186,
203775,Malone University,2,-2,
151777,Manchester University,1,175,
192703,Manhattan College,2,-2,
192749,Manhattanville College,2,-2,
213783,Mansfield University of Pennsylvania,2,-2,
239071,Maranatha Baptist University,2,-2,
192785,Maria College of Albany,2,-2,
239080,Marian University,2,-2,
151786,Marian University,1,356,
203845,Marietta College,1,191,
101648,Marion Military Institute,2,-2,
419226,Marion Technical College,2,-2,
192819,Marist College,1,129,
239105,Marquette University,2,-2,
198899,Mars Hill University,1,160,
237525,Marshall University,1,111,
153922,Marshalltown Community College,2,-2,
173452,Martin Luther College,1,354,
232672,Mary Baldwin University,2,-2,
192864,Marymount Manhattan College,2,-2,
232706,Marymount University,2,-2,
220710,Maryville College,1,171,
178059,Maryville University of Saint Louis,2,-2,
213826,Marywood University,2,-2,
166674,Massachusetts College of Art and Design,2,-2,
167288,Massachusetts College of Liberal Arts,2,-2,
166683,Massachusetts Institute of Technology,1,186,
166692,Massachusetts Maritime Academy,1,179,
157331,Maysville Community and Technical College,2,-2,
200226,Mayville State University,1,373,
164270,McDaniel College,1,165,
147013,McKendree University,1,145,
226578,McLennan Community College,2,-2,
226587,McMurry University,1,204,
159717,McNeese State University,1,132,
166656,MCPHS University,2,-2,
192925,Medaille College,2,-2,
218335,Medical University of South Carolina,2,-2,
484066,MedQuest College,2,-2,
118693,Menlo College,2,-2,
140447,Mercer University,1,131,
193016,Mercy College,2,-2,
213987,Mercyhurst University,1,158,
198950,Meredith College,2,-2,
244279,Meridian College,2,-2,
166850,Merrimack College,1,153,
173993,Mesabi Range College,2,-2,
213996,Messiah College,2,-2,
198969,Methodist University,1,171,
190114,Metropolitan College of New York,2,-2,
174020,Metropolitan State University,2,-2,
127565,Metropolitan State University of Denver,2,-2,
135717,Miami Dade College,2,-2,
204024,Miami University-Oxford,1,119,
171100,Michigan State University,1,107,
171128,Michigan Technological University,1,144,
171155,Mid Michigan College,2,-2,
482158,Middle Georgia State University,2,-2,
220978,Middle Tennessee State University,1,111,
230959,Middlebury College,1,185,
226806,Midland College,2,-2,
181330,Midland University,1,311,
157377,Midway University,2,-2,
226833,Midwestern State University,1,147,
143853,Midwestern University-Downers Grove,2,-2,
423643,Midwestern University-Glendale,2,-2,
193201,Mildred Elley School-Albany Campus,2,-2,
461014,Mildred Elley-New York Campus,2,-2,
101675,Miles College,1,161,
180373,Miles Community College,2,-2,
214041,Millersville University of Pennsylvania,1,158,
486901,Milligan College,2,-2,
147244,Millikin University,1,167,
118888,Mills College,2,-2,
175980,Millsaps College,1,368,
239318,Milwaukee School of Engineering,2,-2,
174136,Minneapolis Community and Technical College,2,-2,
175263,Minnesota State College Southeast,2,-2,
173559,Minnesota State Community and Technical College,2,-2,
174358,Minnesota State University Moorhead,1,155,
173920,Minnesota State University-Mankato,1,155,
173638,Minnesota West Community and Technical College,2,-2,
200253,Minot State University,1,155,
118912,MiraCosta College,2,-2,
214069,Misericordia University,1,181,
176053,Mississippi College,1,146,
176008,Mississippi Delta Community College,2,-2,
176080,Mississippi State University,1,130,
176035,Mississippi University for Women,2,-2,
176044,Mississippi Valley State University,1,133,
178244,Missouri Baptist University,1,356,
178341,Missouri Southern State University,1,148,
179566,Missouri State University-Springfield,1,123,
178411,Missouri University of Science and Technology,1,145,
178387,Missouri Western State University,1,148,
129774,Mitchell College,2,-2,
118976,Modesto Junior College,2,-2,
105206,Mohave Community College,2,-2,
193283,Mohawk Valley Community College,2,-2,
193292,Molloy College,2,-2,
147341,Monmouth College,1,182,
185572,Monmouth University,1,106,
193308,Monroe College,2,-2,
193326,Monroe Community College,2,-2,
262165,Montana Bible College,2,-2,
180461,Montana State University,1,105,
180179,Montana State University Billings,2,-2,
180522,Montana State University-Northern,1,352,
180416,Montana Technological University,1,352,
185590,Montclair State University,1,187,
199032,Montreat College,2,-2,
147369,Moody Bible Institute,2,-2,
214157,Moravian College,1,165,
157386,Morehead State University,1,129,
140553,Morehouse College,1,161,
127617,Morgan Community College,2,-2,
163453,Morgan State University,1,121,
154004,Morningside College,1,311,
221096,Motlow State Community College,2,-2,
169275,Mott Community College,2,-2,
214166,Mount Aloysius College,2,-2,
166939,Mount Holyoke College,2,-2,
219198,Mount Marty College,1,311,
239390,Mount Mary University,2,-2,
204200,Mount Saint Joseph University,1,175,
193353,Mount Saint Mary College,2,-2,
163462,Mount St. Mary's University,2,-2,
214175,Muhlenberg College,1,165,
157401,Murray State University,1,126,
204264,Muskingum University,1,191,
183141,Nashua Community College,2,-2,
221184,Nashville State Community College,2,-2,
193478,Nassau Community College,2,-2,
106980,National Park College,2,-2,
187596,Navajo Technical University,2,-2,
119678,Naval Postgraduate School,2,-2,
193584,Nazareth College,2,-2,
181446,Nebraska Wesleyan University,1,176,
214272,Neumann University,2,-2,
441900,Nevada State College,2,-2,
262129,New College of Florida,2,-2,
182980,New England College,2,-2,
185129,New Jersey City University,2,-2,
185828,New Jersey Institute of Technology,2,-2,
187897,New Mexico Highlands University,1,159,
187967,New Mexico Institute of Mining and Technology,2,-2,
187912,New Mexico Military Institute,2,-2,
188030,New Mexico State University-Main Campus,1,134,
159948,New Orleans Baptist Theological Seminary,2,-2,
440262,New York Automotive and Diesel Institute,2,-2,
193751,New York Chiropractic College,2,-2,
418126,New York College of Health Professions,2,-2,
194073,New York College of Podiatric Medicine,2,-2,
439783,New York College of Traditional Chinese Medicine,2,-2,
194091,New York Institute of Technology,2,-2,
193821,New York Law School,2,-2,
193830,New York Medical College,2,-2,
194116,New York School of Interior Design,2,-2,
193900,New York University,2,-2,
218414,Newberry College,1,160,
155335,Newman University,2,-2,
183099,NHTI-Concord's Community College,2,-2,
193946,Niagara County Community College,2,-2,
193973,Niagara University,2,-2,
159966,Nicholls State University,1,132,
167260,Nichols College,1,168,
232937,Norfolk State University,1,121,
174428,Normandale Community College,2,-2,
107460,North Arkansas College,2,-2,
199102,North Carolina A & T State University,1,121,
199157,North Carolina Central University,1,121,
199193,North Carolina State University at Raleigh,1,102,
199209,North Carolina Wesleyan College,1,171,
147660,North Central College,1,167,
204422,North Central State College,2,-2,
174437,North Central University,2,-2,
200305,North Dakota State College of Science,2,-2,
200332,North Dakota State University-Main Campus,1,123,
136145,North Florida College,2,-2,
218441,North Greenville University,1,146,
174376,North Hennepin Community College,2,-2,
142443,North Idaho College,2,-2,
147679,North Park University,1,167,
236072,North Seattle College,2,-2,
176169,Northeast Mississippi Community College,2,-2,
204477,Northeast Ohio Medical University,2,-2,
221908,Northeast State Community College,2,-2,
147776,Northeastern Illinois University,2,-2,
127732,Northeastern Junior College,2,-2,
439817,Northeastern Seminary,2,-2,
207263,Northeastern State University,1,148,
167358,Northeastern University,2,-2,
105330,Northern Arizona University,1,105,
147703,Northern Illinois University,1,119,
157447,Northern Kentucky University,2,-2,
240790,Northern Marianas College,2,-2,
171456,Northern Michigan University,1,144,
188058,Northern New Mexico College,2,-2,
207281,Northern Oklahoma College,2,-2,
219259,Northern State University,1,155,
230913,Northern Vermont University,2,-2,
239512,Northland College,2,-2,
174473,Northland Community and Technical College,2,-2,
160667,Northshore Technical Community College,2,-2,
367459,NorthWest Arkansas Community College,2,-2,
136233,Northwest Florida State College,2,-2,
380377,Northwest Indian College,2,-2,
160010,Northwest Louisiana Technical College,2,-2,
178624,Northwest Missouri State University,1,148,
142461,Northwest Nazarene University,2,-2,
173115,Northwest Technical College,2,-2,
154101,Northwestern College,1,311,
171483,Northwestern Michigan College,2,-2,
207306,Northwestern Oklahoma State University,1,367,
160038,Northwestern State University of Louisiana,1,132,
147767,Northwestern University,1,107,
171492,Northwood University,1,144,
230995,Norwich University,1,186,
204468,Notre Dame College,1,370,
120184,Notre Dame de Namur University,2,-2,
163578,Notre Dame of Maryland University,2,-2,
409032,Nouvelle Institute,-2,-2,
136215,Nova Southeastern University,2,-2,
200086,Nueta Hidatsa Sahnish College,2,-2,
158884,Nunez Community College,2,-2,
194161,Nyack College,2,-2,
152099,Oakland City University,2,-2,
171571,Oakland University,2,-2,
204501,Oberlin College,1,189,
120254,Occidental College,1,197,
227304,Odessa College,2,-2,
219277,Oglala Lakota College,2,-2,
140696,Oglethorpe University,2,-2,
204617,Ohio Dominican University,1,371,
204635,Ohio Northern University,1,191,
204796,Ohio State University-Main Campus,1,107,
204820,Ohio University-Chillicothe Campus,2,-2,
204802,Ohio University-Eastern Campus,2,-2,
204848,Ohio University-Lancaster Campus,2,-2,
204857,Ohio University-Main Campus,1,119,
204839,Ohio University-Southern Campus,2,-2,
204866,Ohio University-Zanesville Campus,2,-2,
237640,Ohio Valley University,2,-2,
204909,Ohio Wesleyan University,1,189,
433068,Okaloosa Technical College,2,-2,
207403,Oklahoma Baptist University,1,367,
207324,Oklahoma Christian University,2,-2,
207458,Oklahoma City University,2,-2,
207351,Oklahoma Panhandle State University,1,340,
207315,Oklahoma State University Center for Health Sciences,2,-2,
207564,Oklahoma State University Institute of Technology,2,-2,
207388,Oklahoma State University-Main Campus,1,108,
207397,Oklahoma State University-Oklahoma City,2,-2,
232982,Old Dominion University,1,111,
171599,Olivet College,1,180,
147828,Olivet Nazarene University,1,356,
236188,Olympic College,2,-2,
194222,Onondaga Community College,2,-2,
207582,Oral Roberts University,2,-2,
194240,Orange County Community College,2,-2,
135735,Orange Technical College-Mid Florida Campus,2,-2,
136303,Orange Technical College-Orlando Campus,2,-2,
138372,Orange Technical College-Westside Campus,2,-2,
138488,Orange Technical College-Winter Park Campus,-2,-2,
209490,Oregon Health & Science University,2,-2,
209506,Oregon Institute of Technology,2,-2,
209542,Oregon State University,1,127,
440828,Oregon State University-Cascades Campus,2,-2,
127778,Otero Junior College,2,-2,
204936,Otterbein University,1,191,
107512,Ouachita Baptist University,1,367,
247940,Owensboro Community and Technical College,2,-2,
177472,Ozarks Technical Community College,2,-2,
194310,Pace University,1,153,
414595,Pacific College of Oriental Medicine-New York,2,-2,
236230,Pacific Lutheran University,1,170,
209612,Pacific University,1,205,
136330,Palm Beach Atlantic University,2,-2,
136358,Palm Beach State College,2,-2,
147916,Parkland College,2,-2,
136400,Pasco-Hernando State College,2,-2,
136109,Paul Mitchell the School-Jacksonville,-2,-2,
156426,Paul Mitchell the School-Lexington,-2,-2,
194392,Paul Smiths College of Arts and Science,2,-2,
221643,Pellissippi State Community College,2,-2,
236258,Peninsula College,2,-2,
366252,Pennsylvania College of Technology,2,-2,
214616,Pennsylvania State University-College of Medicine,2,-2,
212018,Pennsylvania State University-Dickinson Law,2,-2,
214777,Pennsylvania State University-Main Campus,1,107,
214801,Pennsylvania State University-Penn State Abington,2,-2,
214689,Pennsylvania State University-Penn State Altoona,2,-2,
214698,Pennsylvania State University-Penn State Beaver,2,-2,
214704,Pennsylvania State University-Penn State Berks,2,-2,
214731,Pennsylvania State University-Penn State Brandywine,2,-2,
214740,Pennsylvania State University-Penn State DuBois,2,-2,
214591,Pennsylvania State University-Penn State Erie-Behrend College,2,-2,
214759,Pennsylvania State University-Penn State Fayette- Eberly,2,-2,
214607,Pennsylvania State University-Penn State Great Valley,2,-2,
214786,Pennsylvania State University-Penn State Greater Allegheny,2,-2,
214713,Pennsylvania State University-Penn State Harrisburg,2,-2,
214768,Pennsylvania State University-Penn State Hazleton,2,-2,
214670,Pennsylvania State University-Penn State Lehigh Valley,2,-2,
214795,Pennsylvania State University-Penn State Mont Alto,2,-2,
214625,Pennsylvania State University-Penn State New Kensington,2,-2,
214810,Pennsylvania State University-Penn State Schuylkill,2,-2,
214652,Pennsylvania State University-Penn State Scranton,2,-2,
214634,Pennsylvania State University-Penn State Shenango,2,-2,
214643,Pennsylvania State University-Penn State Wilkes-Barre,2,-2,
214829,Pennsylvania State University-Penn State York,2,-2,
136473,Pensacola State College,2,-2,
121150,Pepperdine University,2,-2,
181534,Peru State College,1,320,
199306,Pfeiffer University,2,-2,
140818,Piedmont College,2,-2,
235237,Pierce College-Fort Steilacoom,2,-2,
127820,Pikes Peak Community College,2,-2,
489812,Pima Medical Institute-Dillon,2,-2,
167455,Pine Manor College,2,-2,
174570,Pine Technical & Community College,2,-2,
137087,Pinellas Technical College-St. Petersburg,2,-2,
155681,Pittsburg State University,1,148,
121257,Pitzer College,1,197,
194499,Plaza College,2,-2,
183080,Plymouth State University,1,179,
121309,Point Loma Nazarene University,2,-2,
215442,Point Park University,2,-2,
136516,Polk State College,2,-2,
121345,Pomona College,1,197,
209807,Portland State University,1,105,
130183,Post University,2,-2,
237701,Potomac State College of West Virginia University,2,-2,
227526,Prairie View A & M University,1,133,
194578,Pratt Institute-Main,2,-2,
430582,Praxis Institute,-2,-2,
218539,Presbyterian College,1,129,
186131,Princeton University,1,117,
148016,Principia College,2,-2,
217402,Providence College,2,-2,
127884,Pueblo Community College,2,-2,
151102,Purdue University Fort Wayne,2,-2,
490805,Purdue University Northwest,2,-2,
243780,Purdue University-Main Campus,1,107,
199412,Queens University of Charlotte,2,-2,
148131,Quincy University,1,145,
130226,Quinnipiac University,2,-2,
136659,Radford M Locklin Technical College,2,-2,
233277,Radford University,2,-2,
174604,Rainy River Community College,2,-2,
186201,Ramapo College of New Jersey,2,-2,
233301,Randolph College,2,-2,
233295,Randolph-Macon College,1,192,
127909,Red Rocks Community College,2,-2,
209922,Reed College,2,-2,
167598,Regis College,2,-2,
127918,Regis University,2,-2,
194824,Rensselaer Polytechnic Institute,1,201,
236382,Renton Technical College,2,-2,
217420,Rhode Island College,2,-2,
217493,Rhode Island School of Design,2,-2,
221351,Rhodes College,1,368,
227757,Rice University,1,111,
186283,Rider University,2,-2,
136765,Ridge Technical College,-2,-2,
175236,Ridgewater College,2,-2,
121886,Rio Hondo College,2,-2,
239628,Ripon College,1,182,
436304,River Parishes Community College,2,-2,
183114,River Valley Community College,2,-2,
173063,Riverland Community College,2,-2,
137713,Riveroak Technical College,2,-2,
183211,Rivier University,2,-2,
221397,Roane State Community College,2,-2,
233426,Roanoke College,2,-2,
215655,Robert Morris University,1,125,
194958,Roberts Wesleyan College,2,-2,
174738,Rochester Community and Technical College,2,-2,
195003,Rochester Institute of Technology,2,-2,
170967,Rochester University,2,-2,
195049,Rockefeller University,2,-2,
148405,Rockford University,1,359,
179043,Rockhurst University,2,-2,
195058,Rockland Community College,2,-2,
180595,Rocky Mountain College,1,352,
217518,Roger Williams University,2,-2,
207661,Rogers State University,2,-2,
136950,Rollins College,2,-2,
207670,Rose State College,2,-2,
152318,Rose-Hulman Institute of Technology,1,175,
215691,Rosemont College,2,-2,
184782,Rowan University,1,187,
176318,Rust College,2,-2,
186371,Rutgers University-Camden,2,-2,
186380,Rutgers University-New Brunswick,1,107,
186399,Rutgers University-Newark,2,-2,
130253,Sacred Heart University,1,125,
172051,Saginaw Valley State University,1,144,
154235,Saint Ambrose University,1,356,
183239,Saint Anselm College,1,153,
199582,Saint Augustine's University,1,140,
174783,Saint Cloud State University,1,155,
227845,Saint Edward's University,2,-2,
215743,Saint Francis University,1,125,
195720,Saint John Fisher College,1,172,
137281,Saint Johns River State College,2,-2,
174792,Saint Johns University,1,183,
160409,Saint Joseph Seminary College,2,-2,
161518,Saint Joseph's College of Maine,2,-2,
215770,Saint Joseph's University,2,-2,
137032,Saint Leo University,2,-2,
179308,Saint Louis Community College,2,-2,
179159,Saint Louis University,2,-2,
236452,Saint Martin's University,2,-2,
152390,Saint Mary's College,2,-2,
123554,Saint Mary's College of California,2,-2,
174817,Saint Mary's University of Minnesota,2,-2,
231059,Saint Michael's College,2,-2,
239716,Saint Norbert College,1,182,
175041,Saint Paul College,2,-2,
186432,Saint Peter's University,2,-2,
215798,Saint Vincent College,1,194,
148627,Saint Xavier University,1,356,
199607,Salem College,2,-2,
167729,Salem State University,2,-2,
237783,Salem University,2,-2,
163851,Salisbury University,1,187,
180647,Salish Kootenai College,2,-2,
230746,Salt Lake Community College,2,-2,
217536,Salve Regina University,1,168,
227881,Sam Houston State University,1,132,
102049,Samford University,1,131,
122339,San Diego City College,2,-2,
122375,San Diego Mesa College,2,-2,
122384,San Diego Miramar College,2,-2,
122409,San Diego State University,1,203,
122597,San Francisco State University,2,-2,
122755,San Jose State University,1,203,
188100,San Juan College,2,-2,
121619,Santa Ana College,2,-2,
122931,Santa Clara University,2,-2,
137096,Santa Fe College,2,-2,
188137,Santa Fe Community College,2,-2,
122977,Santa Monica College,2,-2,
399212,Santiago Canyon College,2,-2,
195304,Sarah Lawrence College,2,-2,
140960,Savannah State University,1,121,
195322,Schenectady County Community College,2,-2,
143048,School of the Art Institute of Chicago,2,-2,
172200,Schoolcraft College,2,-2,
228042,Schreiner University,2,-2,
123165,Scripps College,2,-2,
236513,Seattle Central College,2,-2,
236577,Seattle Pacific University,2,-2,
236595,Seattle University,2,-2,
137209,Seminole State College of Florida,2,-2,
186584,Seton Hall University,2,-2,
215947,Seton Hill University,1,158,
123299,Shasta College,2,-2,
199643,Shaw University,1,140,
205443,Shawnee State University,2,-2,
233541,Shenandoah University,1,192,
237792,Shepherd University,1,158,
137245,Sheridan Technical College,2,-2,
216010,Shippensburg University of Pennsylvania,1,193,
140988,Shorter University,1,146,
195474,Siena College,2,-2,
172264,Siena Heights University,1,356,
461759,Simmons College of Kentucky,2,-2,
167783,Simmons University,2,-2,
154350,Simpson College,1,176,
205470,Sinclair Community College,2,-2,
219374,Sinte Gleska University,2,-2,
200466,Sitting Bull College,2,-2,
236638,Skagit Valley College,2,-2,
195526,Skidmore College,2,-2,
123509,Skyline College,2,-2,
216038,Slippery Rock University of Pennsylvania,1,158,
167835,Smith College,2,-2,
102076,Snead State Community College,2,-2,
230597,Snow College,2,-2,
123563,Solano Community College,2,-2,
157711,Somerset Community College,2,-2,
123572,Sonoma State University,2,-2,
481094,Sotheby's Institute of Art-NY,2,-2,
107974,South Arkansas Community College,2,-2,
218733,South Carolina State University,1,121,
173911,South Central College,2,-2,
219347,South Dakota School of Mines and Technology,1,159,
219356,South Dakota State University,1,123,
366003,South Florida Bible College and Theological Seminary,2,-2,
137315,South Florida State College,2,-2,
482699,South Georgia State College,2,-2,
434061,South Louisiana Community College,2,-2,
236504,South Seattle College,2,-2,
409315,South Texas College,2,-2,
156338,Southcentral Kentucky Community and Technical College,2,-2,
181640,Southeast Community College Area,2,-2,
157739,Southeast Kentucky Community and Technical College,2,-2,
179557,Southeast Missouri State University,1,126,
428170,Southeastern College-West Palm Beach,2,-2,
148937,Southeastern Illinois College,2,-2,
160612,Southeastern Louisiana University,1,132,
207847,Southeastern Oklahoma State University,1,367,
137564,Southeastern University,1,333,
221661,Southern Adventist University,2,-2,
107983,Southern Arkansas University Main Campus,1,367,
130493,Southern Connecticut State University,1,153,
149222,Southern Illinois University-Carbondale,1,123,
149231,Southern Illinois University-Edwardsville,2,-2,
228246,Southern Methodist University,1,372,
206862,Southern Nazarene University,1,367,
183026,Southern New Hampshire University,2,-2,
210146,Southern Oregon University,1,352,
251260,Southern Union State Community College,2,-2,
160621,Southern University and A & M College,1,133,
160630,Southern University at New Orleans,2,-2,
160649,Southern University at Shreveport,2,-2,
440916,Southern University Law Center,2,-2,
230603,Southern Utah University,1,105,
233611,Southern Virginia University,1,192,
217776,Southern Wesleyan University,2,-2,
179326,Southwest Baptist University,1,145,
175078,Southwest Minnesota State University,1,155,
221485,Southwest Tennessee Community College,2,-2,
123800,Southwestern College,2,-2,
155900,Southwestern College,1,309,
143215,Southwestern Illinois College,2,-2,
207865,Southwestern Oklahoma State University,1,367,
228343,Southwestern University,1,198,
160579,SOWELA Technical Community College,2,-2,
157757,Spalding University,2,-2,
236692,Spokane Community College,2,-2,
236708,Spokane Falls Community College,2,-2,
172334,Spring Arbor University,2,-2,
102234,Spring Hill College,2,-2,
167899,Springfield College,1,186,
195164,St Bonaventure University,2,-2,
175005,St Catherine University,2,-2,
174756,St Cloud Technical and Community College,2,-2,
195173,St Francis College,2,-2,
195809,St John's University-New York,2,-2,
183248,St Joseph School of Nursing,2,-2,
195216,St Lawrence University,1,201,
174844,St Olaf College,1,183,
137078,St Petersburg College,2,-2,
195191,St. Joseph's College of Nursing,2,-2,
195562,St. Joseph's College-Long Island,2,-2,
195544,St. Joseph's College-New York,2,-2,
179265,St. Louis College of Pharmacy,2,-2,
163912,St. Mary's College of Maryland,2,-2,
228149,St. Mary's University,2,-2,
195243,St. Thomas Aquinas College,1,151,
137476,St. Thomas University,1,315,
243744,Stanford University,1,127,
135391,State College of Florida-Manatee-Sarasota,2,-2,
179539,State Fair Community College,2,-2,
196176,State University of New York at New Paltz,2,-2,
228431,Stephen F Austin State University,1,132,
179548,Stephens College,2,-2,
155937,Sterling College,1,309,
231095,Sterling College,2,-2,
137546,Stetson University,1,129,
186867,Stevens Institute of Technology,2,-2,
164173,Stevenson University,1,181,
186876,Stockton University,2,-2,
366340,Stone Child College,2,-2,
167996,Stonehill College,1,153,
196097,Stony Brook University,1,110,
366395,Suffolk County Community College,2,-2,
168005,Suffolk University,2,-2,
228501,Sul Ross State University,1,204,
195988,Sullivan County Community College,2,-2,
157793,Sullivan University,2,-2,
137120,Suncoast Technical College,2,-2,
487311,Sunstate Academy-Jones Technical Institute,2,-2,
196060,SUNY at Albany,1,110,
196158,SUNY at Fredonia,2,-2,
196219,SUNY at Purchase College,2,-2,
189547,SUNY Broome Community College,2,-2,
196130,SUNY Buffalo State,1,172,
196121,SUNY College at Brockport,1,172,
196167,SUNY College at Geneseo,2,-2,
196237,SUNY College at Old Westbury,2,-2,
196194,SUNY College at Oswego,2,-2,
196246,SUNY College at Plattsburgh,2,-2,
196200,SUNY College at Potsdam,2,-2,
196033,SUNY College of Agriculture and Technology at Cobleskill,2,-2,
196103,SUNY College of Environmental Science and Forestry,2,-2,
196228,SUNY College of Optometry,2,-2,
196006,SUNY College of Technology at Alfred,1,366,
196015,SUNY College of Technology at Canton,2,-2,
196024,SUNY College of Technology at Delhi,2,-2,
190442,SUNY Corning Community College,2,-2,
196149,SUNY Cortland,1,172,
196255,SUNY Downstate Health Sciences University,2,-2,
196264,SUNY Empire State College,2,-2,
196291,SUNY Maritime College,1,366,
196051,SUNY Morrisville,1,172,
196185,SUNY Oneonta,2,-2,
196112,SUNY Polytechnic Institute,2,-2,
197294,SUNY Westchester Community College,2,-2,
216278,Susquehanna University,1,165,
216287,Swarthmore College,2,-2,
196389,Swedish Institute a College of Health Sciences,2,-2,
233718,Sweet Briar College,2,-2,
196413,Syracuse University,1,102,
236753,Tacoma Community College,2,-2,
137759,Tallahassee Community College,2,-2,
228529,Tarleton State University,1,147,
152530,Taylor University,1,356,
488800,Teachers College of San Joaquin,2,-2,
216339,Temple University,1,372,
248925,Tennessee College of Applied Technology Nashville,2,-2,
219596,Tennessee College of Applied Technology-Athens,2,-2,
219921,Tennessee College of Applied Technology-Covington,2,-2,
221591,Tennessee College of Applied Technology-Crossville,2,-2,
221430,Tennessee College of Applied Technology-Crump,2,-2,
219994,Tennessee College of Applied Technology-Dickson,2,-2,
220127,Tennessee College of Applied Technology-Elizabethton,2,-2,
220251,Tennessee College of Applied Technology-Harriman,2,-2,
220279,Tennessee College of Applied Technology-Hartsville,2,-2,
220321,Tennessee College of Applied Technology-Hohenwald,2,-2,
220394,Tennessee College of Applied Technology-Jacksboro,2,-2,
221616,Tennessee College of Applied Technology-Jackson,2,-2,
221625,Tennessee College of Applied Technology-Knoxville,2,-2,
220640,Tennessee College of Applied Technology-Livingston,2,-2,
220756,Tennessee College of Applied Technology-McKenzie,2,-2,
221607,Tennessee College of Applied Technology-McMinnville,2,-2,
220853,Tennessee College of Applied Technology-Memphis,2,-2,
221050,Tennessee College of Applied Technology-Morristown,2,-2,
221102,Tennessee College of Applied Technology-Murfreesboro,2,-2,
221236,Tennessee College of Applied Technology-Newbern,2,-2,
221582,Tennessee College of Applied Technology-Oneida-Huntsville,2,-2,
221281,Tennessee College of Applied Technology-Paris,2,-2,
221333,Tennessee College of Applied Technology-Pulaski,2,-2,
221388,Tennessee College of Applied Technology-Ripley,2,-2,
221494,Tennessee College of Applied Technology-Shelbyville,2,-2,
221634,Tennessee College of Applied Technology-Whiteville,2,-2,
221838,Tennessee State University,1,126,
221847,Tennessee Technological University,1,126,
206011,Terra State Community College,2,-2,
228699,Texarkana College,2,-2,
226152,Texas A & M International University,2,-2,
228723,Texas A & M University-College Station,1,130,
224554,Texas A & M University-Commerce,1,147,
224147,Texas A & M University-Corpus Christi,2,-2,
228705,Texas A & M University-Kingsville,1,147,
483036,Texas A&M University-Central Texas,2,-2,
459949,Texas A&M University-San Antonio,2,-2,
224545,Texas A&M University-Texarkana,2,-2,
228875,Texas Christian University,1,108,
228884,Texas College,1,340,
228981,Texas Lutheran University,1,198,
229063,Texas Southern University,1,133,
228459,Texas State University,1,134,
229115,Texas Tech University,1,108,
229337,Texas Tech University Health Sciences Center,2,-2,
492689,Texas Tech University Health Sciences Center-El Paso,2,-2,
229160,Texas Wesleyan University,1,340,
229179,Texas Woman's University,2,-2,
131283,The Catholic University of America,1,186,
142294,The College of Idaho,1,352,
187134,The College of New Jersey,1,187,
195234,The College of Saint Rose,2,-2,
174899,The College of Saint Scholastica,1,354,
133960,The College of the Florida Keys,2,-2,
197285,The College of Westchester,2,-2,
206589,The College of Wooster,1,189,
235167,The Evergreen State College,2,-2,
454184,The King's College,2,-2,
193654,The New School,2,-2,
195128,The Sage Colleges,2,-2,
157748,The Southern Baptist Theological Seminary,2,-2,
100751,The University of Alabama,1,130,
202763,The University of Findlay,1,371,
180489,The University of Montana,1,105,
180692,The University of Montana-Western,1,352,
137847,The University of Tampa,2,-2,
487010,The University of Tennessee Health Science Center,2,-2,
221740,The University of Tennessee-Chattanooga,1,131,
221759,The University of Tennessee-Knoxville,1,130,
221768,The University of Tennessee-Martin,1,126,
228769,The University of Texas at Arlington,2,-2,
228778,The University of Texas at Austin,1,108,
228787,The University of Texas at Dallas,2,-2,
228796,The University of Texas at El Paso,1,111,
229027,The University of Texas at San Antonio,1,111,
228802,The University of Texas at Tyler,2,-2,
229300,The University of Texas Health Science Center at Houston,2,-2,
228644,The University of Texas Health Science Center at San Antonio,2,-2,
416801,The University of Texas MD Anderson Cancer Center,2,-2,
228653,The University of Texas Medical Branch at Galveston,2,-2,
229018,The University of Texas of the Permian Basin,1,147,
227368,The University of Texas Rio Grande Valley,2,-2,
221519,The University of the South,1,368,
233897,The University of Virginia's College at Wise,1,160,
138354,The University of West Florida,1,146,
216357,Thiel College,1,194,
161563,Thomas College,2,-2,
187046,Thomas Edison State University,2,-2,
216366,Thomas Jefferson University,2,-2,
183275,Thomas More College of Liberal Arts,2,-2,
157809,Thomas More University,1,315,
206048,Tiffin University,1,371,
196565,Tompkins Cortland Community College,2,-2,
196592,Touro College,2,-2,
164076,Towson University,1,110,
157818,Transylvania University,2,-2,
135522,Traviss Technical College,-2,-2,
221892,Trevecca Nazarene University,2,-2,
218885,Tri-County Technical College,2,-2,
152567,Trine University,1,180,
128258,Trinidad State Junior College,2,-2,
130590,Trinity College,1,185,
137962,Trinity College of Florida,2,-2,
229267,Trinity University,1,368,
131876,Trinity Washington University,2,-2,
196653,Trocaire College,2,-2,
102368,Troy University,1,134,
182500,Truckee Meadows Community College,2,-2,
178615,Truman State University,1,145,
168148,Tufts University,1,185,
160755,Tulane University of Louisiana,1,372,
130606,Tunxis Community College,2,-2,
221953,Tusculum University,1,160,
102377,Tuskegee University,1,161,
229355,Tyler Junior College,2,-2,
196699,Ulster County Community College,2,-2,
196866,Union College,1,201,
157863,Union College,1,315,
221971,Union University,2,-2,
128328,United States Air Force Academy,1,203,
130624,United States Coast Guard Academy,1,186,
197027,United States Merchant Marine Academy,1,186,
197036,United States Military Academy,1,113,
164155,United States Naval Academy,1,372,
369400,Universal Technical Institute-Auto Motorcycle & Marine Mechanics Institute Division-Orlando,2,-2,
196088,University at Buffalo,1,119,
200800,University of Akron Main Campus,1,119,
100663,University of Alabama at Birmingham,1,111,
100706,University of Alabama in Huntsville,2,-2,
102553,University of Alaska Anchorage,2,-2,
102614,University of Alaska Fairbanks,2,-2,
102632,University of Alaska Southeast,2,-2,
104179,University of Arizona,1,127,
106397,University of Arkansas,1,130,
106245,University of Arkansas at Little Rock,2,-2,
106485,University of Arkansas at Monticello,1,367,
106412,University of Arkansas at Pine Bluff,1,133,
107743,University of Arkansas Community College Rich Mountain,2,-2,
107585,University of Arkansas Community College-Morrilton,2,-2,
106263,University of Arkansas for Medical Sciences,2,-2,
108092,University of Arkansas-Fort Smith,2,-2,
107664,University of Arkansas-Pulaski Technical College,2,-2,
161873,University of Baltimore,2,-2,
128744,University of Bridgeport,2,-2,
110635,University of California-Berkeley,1,127,
110644,University of California-Davis,1,105,
110398,University of California-Hastings College of Law,2,-2,
110653,University of California-Irvine,2,-2,
110662,University of California-Los Angeles,1,127,
445188,University of California-Merced,2,-2,
110671,University of California-Riverside,2,-2,
110680,University of California-San Diego,2,-2,
110699,University of California-San Francisco,2,-2,
110705,University of California-Santa Barbara,2,-2,
110714,University of California-Santa Cruz,2,-2,
106704,University of Central Arkansas,1,132,
132903,University of Central Florida,1,372,
176965,University of Central Missouri,1,148,
206941,University of Central Oklahoma,1,148,
237312,University of Charleston,1,370,
144050,University of Chicago,1,182,
201885,University of Cincinnati-Main Campus,1,372,
126614,University of Colorado Boulder,1,127,
126580,University of Colorado Colorado Springs,2,-2,
126562,University of Colorado Denver/Anschutz Medical Campus,2,-2,
129020,University of Connecticut,1,104,
224323,University of Dallas,2,-2,
202480,University of Dayton,1,129,
130943,University of Delaware,1,110,
127060,University of Denver,2,-2,
169716,University of Detroit Mercy,2,-2,
153278,University of Dubuque,1,176,
150534,University of Evansville,2,-2,
134130,University of Florida,1,130,
457402,University of Fort Lauderdale,2,-2,
139959,University of Georgia,1,130,
240754,University of Guam,2,-2,
129525,University of Hartford,2,-2,
141565,University of Hawaii at Hilo,2,-2,
141574,University of Hawaii at Manoa,1,203,
141839,University of Hawaii Maui College,2,-2,
141981,University of Hawaii-West Oahu,2,-2,
160065,University of Holy Cross,2,-2,
225511,University of Houston,1,372,
225414,University of Houston-Clear Lake,2,-2,
225432,University of Houston-Downtown,2,-2,
225502,University of Houston-Victoria,2,-2,
142285,University of Idaho,1,105,
145600,University of Illinois at Chicago,2,-2,
148654,University of Illinois at Springfield,2,-2,
145637,University of Illinois at Urbana-Champaign,1,107,
151263,University of Indianapolis,1,145,
153658,University of Iowa,1,107,
155317,University of Kansas,1,108,
157085,University of Kentucky,1,130,
117140,University of La Verne,1,197,
160658,University of Louisiana at Lafayette,1,134,
159993,University of Louisiana at Monroe,1,134,
157289,University of Louisville,1,102,
232609,University of Lynchburg,2,-2,
161253,University of Maine,1,110,
161217,University of Maine at Augusta,2,-2,
161226,University of Maine at Farmington,2,-2,
161235,University of Maine at Fort Kent,2,-2,
161244,University of Maine at Machias,2,-2,
161341,University of Maine at Presque Isle,2,-2,
200217,University of Mary,1,155,
226471,University of Mary Hardin-Baylor,1,204,
232681,University of Mary Washington,2,-2,
163338,University of Maryland Eastern Shore,2,-2,
163259,University of Maryland  Baltimore,2,-2,
163268,University of Maryland-Baltimore County,2,-2,
163286,University of Maryland-College Park,1,107,
166708,University of Massachusetts Medical School Worcester,2,-2,
166629,University of Massachusetts-Amherst,1,327,
166638,University of Massachusetts-Boston,2,-2,
167987,University of Massachusetts-Dartmouth,1,179,
166513,University of Massachusetts-Lowell,2,-2,
220862,University of Memphis,1,372,
135726,University of Miami,1,102,
170976,University of Michigan-Ann Arbor,1,107,
171137,University of Michigan-Dearborn,2,-2,
171146,University of Michigan-Flint,2,-2,
174075,University of Minnesota-Crookston,1,155,
174233,University of Minnesota-Duluth,1,155,
174251,University of Minnesota-Morris,1,354,
456959,University of Minnesota-Rochester,2,-2,
174066,University of Minnesota-Twin Cities,1,107,
176017,University of Mississippi,1,130,
178396,University of Missouri-Columbia,1,130,
178402,University of Missouri-Kansas City,2,-2,
178420,University of Missouri-St Louis,2,-2,
101709,University of Montevallo,2,-2,
199069,University of Mount Olive,2,-2,
204185,University of Mount Union,1,191,
181215,University of Nebraska at Kearney,1,148,
181394,University of Nebraska at Omaha,2,-2,
181428,University of Nebraska Medical Center,2,-2,
181464,University of Nebraska-Lincoln,1,107,
182281,University of Nevada-Las Vegas,1,203,
182290,University of Nevada-Reno,1,203,
161457,University of New England,1,168,
183044,University of New Hampshire-Main Campus,1,110,
129941,University of New Haven,1,153,
187985,University of New Mexico-Main Campus,1,203,
159939,University of New Orleans,2,-2,
101879,University of North Alabama,1,106,
199111,University of North Carolina at Asheville,2,-2,
199120,University of North Carolina at Chapel Hill,1,102,
199139,University of North Carolina at Charlotte,1,111,
199148,University of North Carolina at Greensboro,2,-2,
199281,University of North Carolina at Pembroke,1,141,
199184,University of North Carolina School of the Arts,2,-2,
199218,University of North Carolina Wilmington,2,-2,
200280,University of North Dakota,1,322,
136172,University of North Florida,2,-2,
482680,University of North Georgia,2,-2,
227216,University of North Texas,1,111,
484905,University of North Texas at Dallas,2,-2,
228909,University of North Texas Health Science Center,2,-2,
127741,University of Northern Colorado,1,105,
154095,University of Northern Iowa,1,123,
174491,University of Northwestern-St Paul,1,354,
152080,University of Notre Dame,1,113,
207500,University of Oklahoma-Norman Campus,1,108,
209551,University of Oregon,1,127,
215062,University of Pennsylvania,1,117,
157535,University of Pikeville,1,315,
215266,University of Pittsburgh-Bradford,2,-2,
215275,University of Pittsburgh-Greensburg,2,-2,
215284,University of Pittsburgh-Johnstown,2,-2,
215293,University of Pittsburgh-Pittsburgh Campus,1,102,
209825,University of Portland,2,-2,
243106,University of Puerto Rico-Aguadilla,2,-2,
243115,University of Puerto Rico-Arecibo,2,-2,
243133,University of Puerto Rico-Bayamon,2,-2,
243142,University of Puerto Rico-Carolina,2,-2,
243151,University of Puerto Rico-Cayey,2,-2,
243179,University of Puerto Rico-Humacao,2,-2,
243203,University of Puerto Rico-Medical Sciences,2,-2,
243212,University of Puerto Rico-Ponce,2,-2,
243221,University of Puerto Rico-Rio Piedras,2,-2,
243188,University of Puerto Rico-Utuado,2,-2,
236328,University of Puget Sound,1,205,
121691,University of Redlands,1,197,
217484,University of Rhode Island,1,110,
233374,University of Richmond,1,110,
195030,University of Rochester,1,200,
130314,University of Saint Joseph,2,-2,
155812,University of Saint Mary,1,309,
122436,University of San Diego,1,129,
122612,University of San Francisco,2,-2,
207722,University of Science and Arts of Oklahoma,2,-2,
215929,University of Scranton,2,-2,
219383,University of Sioux Falls,1,155,
102094,University of South Alabama,1,134,
218645,University of South Carolina Aiken,2,-2,
218654,University of South Carolina Beaufort,2,-2,
218663,University of South Carolina-Columbia,1,130,
218742,University of South Carolina-Upstate,2,-2,
219471,University of South Dakota,1,123,
137351,University of South Florida-Main Campus,1,372,
451671,University of South Florida-Sarasota-Manatee,2,-2,
448840,University of South Florida-St Petersburg,2,-2,
123961,University of Southern California,1,127,
151306,University of Southern Indiana,2,-2,
161554,University of Southern Maine,2,-2,
176372,University of Southern Mississippi,1,111,
174914,University of St Thomas,1,183,
227863,University of St Thomas,2,-2,
485537,University of Texas Health Science Center at Tyler,2,-2,
228635,University of Texas Southwestern Medical Center,2,-2,
156541,University of the Cumberlands,1,315,
131399,University of the District of Columbia,2,-2,
225627,University of the Incarnate Word,1,132,
107558,University of the Ozarks,2,-2,
120883,University of the Pacific,2,-2,
215132,University of the Sciences,2,-2,
243665,University of the Virgin Islands,2,-2,
206084,University of Toledo,1,119,
207971,University of Tulsa,1,372,
230764,University of Utah,1,127,
216542,University of Valley Forge,2,-2,
231174,University of Vermont,2,-2,
234076,University of Virginia-Main Campus,1,102,
377555,University of Washington-Bothell Campus,2,-2,
236948,University of Washington-Seattle Campus,1,127,
377564,University of Washington-Tacoma Campus,2,-2,
101587,University of West Alabama,1,146,
141334,University of West Georgia,1,146,
240268,University of Wisconsin-Eau Claire,1,202,
240277,University of Wisconsin-Green Bay,2,-2,
240329,University of Wisconsin-La Crosse,1,202,
240444,University of Wisconsin-Madison,1,107,
240453,University of Wisconsin-Milwaukee,2,-2,
240365,University of Wisconsin-Oshkosh,1,202,
240374,University of Wisconsin-Parkside,2,-2,
240462,University of Wisconsin-Platteville,1,202,
240471,University of Wisconsin-River Falls,1,202,
240480,University of Wisconsin-Stevens Point,1,202,
240417,University of Wisconsin-Stout,1,202,
240426,University of Wisconsin-Superior,2,-2,
240189,University of Wisconsin-Whitewater,1,202,
240727,University of Wyoming,1,203,
154493,Upper Iowa University,1,155,
440004,Upper Valley Educators Institute,2,-2,
196307,Upstate Medical University,2,-2,
216524,Ursinus College,1,165,
206349,Ursuline College,2,-2,
230728,Utah State University,1,203,
230737,Utah Valley University,2,-2,
197045,Utica College,1,172,
141264,Valdosta State University,1,146,
138187,Valencia College,2,-2,
200572,Valley City State University,1,373,
152600,Valparaiso University,1,129,
221999,Vanderbilt University,1,130,
197133,Vassar College,2,-2,
188340,Vaughn College of Aeronautics and Technology,2,-2,
175157,Vermilion Community College,2,-2,
455992,Vermont College of Fine Arts,2,-2,
231147,Vermont Law School,2,-2,
231165,Vermont Technical College,2,-2,
197142,Villa Maria College,2,-2,
216597,Villanova University,1,110,
152637,Vincennes University,2,-2,
234030,Virginia Commonwealth University,2,-2,
233903,Virginia Highlands Community College,2,-2,
234085,Virginia Military Institute,1,106,
233921,Virginia Polytechnic Institute and State University,1,102,
234155,Virginia State University,1,140,
234164,Virginia Union University,1,140,
234173,Virginia Wesleyan University,2,-2,
240107,Viterbo University,2,-2,
222053,Volunteer State Community College,2,-2,
152673,Wabash College,1,189,
197197,Wagner College,1,125,
199847,Wake Forest University,1,102,
199856,Wake Technical Community College,2,-2,
236887,Walla Walla Community College,2,-2,
206437,Walsh University,1,371,
222062,Walters State Community College,2,-2,
138275,Warner University,1,315,
199865,Warren Wilson College,2,-2,
154527,Wartburg College,1,176,
156082,Washburn University,1,148,
216667,Washington & Jefferson College,1,194,
234207,Washington and Lee University,1,192,
164216,Washington College,2,-2,
236939,Washington State University,1,127,
179867,Washington University in St Louis,1,200,
172617,Washtenaw Community College,2,-2,
229780,Wayland Baptist University,1,340,
181783,Wayne State College,1,155,
172644,Wayne State University,1,144,
216694,Waynesburg University,1,194,
197221,Webb Institute,2,-2,
138293,Webber International University,1,333,
230782,Weber State University,1,105,
179894,Webster University,2,-2,
190424,Weill Cornell Medical College,2,-2,
168218,Wellesley College,2,-2,
197230,Wells College,2,-2,
236975,Wenatchee Valley College,2,-2,
168227,Wentworth Institute of Technology,2,-2,
131098,Wesley College,1,187,
141325,Wesleyan College,2,-2,
130697,Wesleyan University,1,185,
216764,West Chester University of Pennsylvania,1,158,
157483,West Kentucky Community and Technical College,2,-2,
237932,West Liberty University,1,163,
229814,West Texas A & M University,1,147,
237880,West Virginia School of Osteopathic Medicine,2,-2,
237899,West Virginia State University,1,370,
238032,West Virginia University,1,108,
237686,West Virginia University at Parkersburg,2,-2,
237950,West Virginia University Institute of Technology,2,-2,
237969,West Virginia Wesleyan College,1,370,
200004,Western Carolina University,1,131,
128391,Western Colorado University,1,159,
130776,Western Connecticut State University,1,173,
149772,Western Illinois University,1,123,
157951,Western Kentucky University,1,111,
172699,Western Michigan University,1,119,
182564,Western Nevada College,2,-2,
168254,Western New England University,1,184,
188304,Western New Mexico University,1,147,
210429,Western Oregon University,1,213,
237011,Western Washington University,2,-2,
240693,Western Wyoming Community College,2,-2,
168263,Westfield State University,1,184,
230807,Westminster College,2,-2,
179946,Westminster College,1,354,
216807,Westminster College,1,194,
125727,Westmont College,2,-2,
237039,Whatcom Community College,2,-2,
168281,Wheaton College,2,-2,
149781,Wheaton College,1,167,
238078,Wheeling University,1,370,
183105,White Mountains Community College,2,-2,
237057,Whitman College,2,-2,
125763,Whittier College,1,197,
237066,Whitworth University,1,205,
156125,Wichita State University,2,-2,
216852,Widener University,1,181,
216931,Wilkes University,1,181,
210401,Willamette University,1,205,
231624,William & Mary,1,110,
179955,William Jewell College,1,145,
187444,William Paterson University of New Jersey,1,187,
199272,William Peace University,2,-2,
154590,William Penn University,1,320,
138479,William T McFatter Technical College,2,-2,
179964,William Woods University,2,-2,
168342,Williams College,1,185,
200341,Williston State College,2,-2,
206507,Wilmington College,1,191,
131113,Wilmington University,2,-2,
217013,Wilson College,2,-2,
199962,Wingate University,1,160,
175272,Winona State University,1,155,
199999,Winston-Salem State University,1,140,
218964,Winthrop University,2,-2,
240338,Wisconsin Lutheran College,1,359,
138497,Withlacoochee Technical College,2,-2,
206525,Wittenberg University,1,189,
218973,Wofford College,1,131,
168421,Worcester Polytechnic Institute,1,186,
168430,Worcester State University,1,184,
197531,Word of Life Bible Institute,2,-2,
206613,Wright State University-Lake Campus,2,-2,
206604,Wright State University-Main Campus,2,-2,
206622,Xavier University,2,-2,
160904,Xavier University of Louisiana,2,-2,
237109,Yakima Valley College,2,-2,
130794,Yale University,1,117,
197708,Yeshiva University,2,-2,
217059,York College of Pennsylvania,2,-2,
141361,Young Harris College,2,-2,
206695,Youngstown State University,1,123,